variant,ndcg_10,precision_10,recall_10,n_features,ndcg_delta
full_model,0.5863571077071645,0.1,1.0,67,0.0
no_session_evolution,0.5826364314737339,0.1,1.0,60,-0.003720676233430642
