model,ndcg_10,precision_10,recall_10,train_time_s,inference_200_ms
LightGBM_LambdaRank,0.5820060331781681,0.1,1.0,3.499112146000698,3.9575114000399476
XGBoost_RankNDCG,0.613758050353372,0.1,1.0,6.368815363999602,1.8513463999624946
MLP_Classifier,0.6180815431165472,0.1,1.0,17.822746114999063,1.6346549997251714
Popularity_Baseline,1.0,0.1,1.0,0.0,0.0
